RequestID,LocationID,ServiceType,Priority,RequestDate,RequestTime
R001,L005,Maintenance,Medium,11/3/2025,3:43 PM
R002,L005,Maintenance,High,25/03/2025,8:34 PM
R003,L008,Maintenance,Medium,8/3/2025,11:36 PM
R004,L001,Cleaning,High,9/3/2025,5:40 AM
R005,L003,Maintenance,Low,28/03/2025,6:29 AM
R006,L007,Maintenance,High,6/3/2025,10:16 AM
R007,L007,Maintenance,Low,22/03/2025,5:21 PM
R008,L009,Cleaning,Low,17/03/2025,1:19 AM
R009,L005,IT Support,High,16/03/2025,7:59 PM
R010,L003,Cleaning,Low,16/03/2025,4:02 AM
R011,L004,Cleaning,High,25/03/2025,4:28 AM
R012,L004,Maintenance,Low,19/03/2025,7:13 AM
R013,L002,IT Support,Low,20/03/2025,8:09 PM
R014,L005,IT Support,Low,28/03/2025,2:02 PM
R015,L001,IT Support,Low,16/03/2025,9:22 PM
R016,L002,IT Support,High,1/3/2025,6:52 PM
R017,L005,Maintenance,High,4/3/2025,7:05 PM
R018,L001,Maintenance,High,15/03/2025,10:02 PM
R019,L008,IT Support,Medium,26/03/2025,12:20 AM
R020,L007,Maintenance,Low,1/3/2025,11:03 AM
R021,L004,IT Support,Low,20/03/2025,1:34 AM
R022,L002,IT Support,Low,12/3/2025,6:36 PM
R023,L009,Cleaning,Low,16/03/2025,10:49 PM
R024,L002,Maintenance,Medium,27/03/2025,1:14 AM
R025,L003,Cleaning,High,3/3/2025,6:21 PM
R026,L010,Cleaning,High,29/03/2025,7:28 PM
R027,L007,Maintenance,Low,28/03/2025,3:56 AM
R028,L001,Maintenance,High,14/03/2025,3:20 AM
R029,L004,Cleaning,Low,7/3/2025,12:26 AM
R030,L008,Maintenance,Low,30/03/2025,12:31 AM
R031,L008,Cleaning,Low,23/03/2025,1:42 PM
R032,L002,IT Support,Medium,21/03/2025,12:50 AM
R033,L004,Cleaning,Medium,4/3/2025,3:50 AM
R034,L001,IT Support,Medium,9/3/2025,8:24 AM
R035,L005,IT Support,Low,23/03/2025,12:50 AM
R036,L003,Maintenance,High,11/3/2025,10:01 PM
R037,L010,Maintenance,Low,24/03/2025,9:51 AM
R038,L002,Maintenance,High,14/03/2025,5:30 PM
R039,L006,Maintenance,Low,17/03/2025,1:09 PM
R040,L003,Cleaning,Low,7/3/2025,4:51 PM
R041,L007,IT Support,Medium,27/03/2025,2:21 AM
R042,L006,Maintenance,Medium,6/3/2025,1:17 PM
R043,L005,Cleaning,Medium,7/3/2025,11:27 AM
R044,L003,IT Support,Low,28/03/2025,4:19 PM
R045,L003,Maintenance,Low,21/03/2025,9:31 AM
R046,L004,Cleaning,Low,21/03/2025,8:31 PM
R047,L007,Cleaning,Low,8/3/2025,12:47 PM
R048,L004,Maintenance,Medium,12/3/2025,9:05 AM
R049,L009,IT Support,High,28/03/2025,6:09 AM
R050,L010,Cleaning,High,1/3/2025,8:59 PM
R051,L010,Cleaning,High,28/03/2025,6:00 PM
R052,L001,Maintenance,Low,20/03/2025,2:20 AM
R053,L002,Maintenance,High,11/3/2025,7:49 AM
R054,L002,Maintenance,High,11/3/2025,11:50 AM
R055,L002,Maintenance,Medium,14/03/2025,9:41 AM
R056,L005,Maintenance,High,22/03/2025,4:18 AM
R057,L001,Maintenance,Medium,8/3/2025,12:53 AM
R058,L004,IT Support,Low,8/3/2025,1:01 AM
R059,L010,Maintenance,High,24/03/2025,2:21 AM
R060,L006,IT Support,Medium,26/03/2025,8:39 PM
R061,L005,Maintenance,High,3/3/2025,5:46 PM
R062,L006,Maintenance,High,10/3/2025,11:58 AM
R063,L008,Cleaning,High,28/03/2025,1:46 PM
R064,L004,IT Support,High,16/03/2025,4:32 PM
R065,L001,Maintenance,Medium,13/03/2025,9:06 PM
R066,L003,IT Support,High,23/03/2025,9:17 AM
R067,L002,Cleaning,High,7/3/2025,12:17 PM
R068,L004,Cleaning,Medium,17/03/2025,3:41 PM
R069,L005,Maintenance,Low,11/3/2025,9:32 PM
R070,L010,IT Support,High,14/03/2025,1:52 AM
R071,L009,Maintenance,Low,29/03/2025,6:00 PM
R072,L007,IT Support,High,18/03/2025,9:17 PM
R073,L006,Cleaning,High,5/3/2025,5:57 PM
R074,L004,Maintenance,High,13/03/2025,5:55 AM
R075,L006,Maintenance,Medium,1/3/2025,1:29 AM
R076,L009,Maintenance,Medium,14/03/2025,3:13 AM
R077,L006,Maintenance,High,5/3/2025,6:14 PM
R078,L003,Maintenance,Low,11/3/2025,10:02 AM
R079,L009,IT Support,Medium,22/03/2025,4:11 AM
R080,L006,IT Support,High,25/03/2025,10:26 PM
R081,L002,Maintenance,High,22/03/2025,8:31 AM
R082,L006,Cleaning,Low,30/03/2025,5:29 PM
R083,L002,Cleaning,Medium,8/3/2025,7:13 AM
R084,L001,Cleaning,Low,13/03/2025,8:43 AM
R085,L003,Cleaning,Low,22/03/2025,9:59 AM
R086,L007,IT Support,High,24/03/2025,5:24 AM
R087,L008,Cleaning,Medium,4/3/2025,3:35 AM
R088,L008,Cleaning,Medium,19/03/2025,3:06 PM
R089,L005,Cleaning,Low,28/03/2025,7:36 PM
R090,L002,IT Support,High,8/3/2025,7:05 AM
R091,L006,Cleaning,High,29/03/2025,3:04 PM
R092,L001,IT Support,Low,4/3/2025,7:46 AM
R093,L008,Maintenance,Low,4/3/2025,9:14 PM
R094,L008,Maintenance,High,29/03/2025,12:45 AM
R095,L002,Cleaning,Medium,24/03/2025,9:17 AM
R096,L010,IT Support,Medium,11/3/2025,6:29 AM
R097,L007,IT Support,Low,30/03/2025,3:20 PM
R098,L005,IT Support,Low,23/03/2025,3:06 PM
R099,L009,IT Support,Medium,5/3/2025,8:56 AM
R100,L001,Maintenance,Medium,10/3/2025,3:29 AM
R001,L005,Maintenance,Low,16/03/2025,10:28 AM
R002,L005,Maintenance,Medium,14/03/2025,11:00 PM
R003,L006,IT Support,Low,28/03/2025,10:24 PM
R004,L001,IT Support,High,1/3/2025,9:19 AM
R005,L002,Cleaning,Low,20/03/2025,12:56 PM
R006,L002,Maintenance,Medium,20/03/2025,3:28 AM
R007,L010,Cleaning,Low,14/03/2025,7:07 PM
R008,L009,Maintenance,High,6/3/2025,9:12 PM
R009,L002,IT Support,Low,29/03/2025,8:59 PM
R010,L005,Maintenance,Medium,2/3/2025,3:59 AM
R011,L006,IT Support,High,29/03/2025,10:49 PM
R012,L004,Maintenance,Medium,13/03/2025,3:10 AM
R013,L010,Cleaning,Medium,4/3/2025,11:34 AM
R014,L003,Cleaning,High,24/03/2025,12:02 AM
R015,L002,Cleaning,Medium,26/03/2025,9:32 PM
R016,L006,Maintenance,High,10/3/2025,5:28 AM
R017,L008,Maintenance,Low,8/3/2025,2:23 AM
R018,L001,Cleaning,Medium,7/3/2025,8:27 PM
R019,L009,Cleaning,High,24/03/2025,7:17 AM
R020,L010,IT Support,Medium,7/3/2025,2:48 PM
R021,L007,Maintenance,Medium,17/03/2025,5:16 PM
R022,L007,IT Support,High,29/03/2025,9:49 PM
R023,L009,Maintenance,Low,9/3/2025,10:35 AM
R024,L008,Maintenance,Low,23/03/2025,8:16 PM
R025,L006,IT Support,Medium,8/3/2025,4:13 PM
R026,L001,Cleaning,Medium,9/3/2025,10:37 AM
R027,L004,Cleaning,Low,9/3/2025,11:49 PM
R028,L004,Cleaning,Low,26/03/2025,3:26 AM
R029,L005,Cleaning,Medium,13/03/2025,11:09 AM
R030,L010,IT Support,Low,23/03/2025,11:07 PM
R031,L005,Maintenance,Low,26/03/2025,4:23 PM
R032,L008,Cleaning,Low,22/03/2025,2:20 PM
R033,L009,Maintenance,Medium,20/03/2025,3:42 PM
R034,L001,IT Support,Medium,7/3/2025,7:54 PM
R035,L004,Maintenance,High,29/03/2025,11:34 AM
R036,L003,Cleaning,Medium,1/3/2025,1:56 AM
R037,L008,IT Support,Medium,16/03/2025,10:18 AM
R038,L005,IT Support,High,26/03/2025,9:00 AM
R039,L008,Maintenance,Medium,4/3/2025,9:34 AM
R040,L006,Maintenance,Medium,9/3/2025,1:03 AM
R041,L003,IT Support,Medium,22/03/2025,5:41 AM
R042,L007,IT Support,Medium,25/03/2025,7:33 PM
R043,L002,Cleaning,High,2/3/2025,9:09 AM
R044,L003,Cleaning,High,15/03/2025,6:47 AM
R045,L003,Cleaning,Low,11/3/2025,3:48 AM
R046,L008,Cleaning,Medium,20/03/2025,9:49 AM
R047,L010,Maintenance,Low,9/3/2025,4:34 AM
R048,L010,IT Support,Medium,14/03/2025,2:30 AM
R049,L005,IT Support,Low,8/3/2025,3:18 PM
R050,L004,Maintenance,Medium,21/03/2025,12:18 AM
R051,L006,Maintenance,Medium,14/03/2025,3:10 AM
R052,L007,IT Support,Medium,18/03/2025,5:06 AM
R053,L003,Cleaning,High,9/3/2025,6:52 PM
R054,L009,IT Support,High,23/03/2025,7:58 AM
R055,L009,IT Support,High,11/3/2025,7:22 PM
R056,L010,Cleaning,High,27/03/2025,11:24 PM
R057,L009,Maintenance,Medium,25/03/2025,1:34 PM
R058,L004,Cleaning,Low,8/3/2025,5:07 PM
R059,L007,Cleaning,High,6/3/2025,1:10 PM
R060,L001,Maintenance,High,18/03/2025,11:07 PM
R061,L002,Cleaning,Medium,11/3/2025,4:09 PM
R062,L010,IT Support,High,20/03/2025,1:52 AM
R063,L005,IT Support,Medium,11/3/2025,10:20 PM
R064,L004,IT Support,Low,27/03/2025,11:34 PM
R065,L001,Maintenance,High,15/03/2025,7:47 AM
R066,L004,IT Support,Medium,26/03/2025,12:08 AM
R067,L003,IT Support,Low,10/3/2025,9:05 PM
R068,L007,Cleaning,Medium,16/03/2025,1:04 AM
R069,L006,Cleaning,Medium,19/03/2025,2:07 AM
R070,L007,Cleaning,High,9/3/2025,8:09 PM
R071,L003,Maintenance,Medium,22/03/2025,4:29 PM
R072,L003,Cleaning,Medium,21/03/2025,6:13 PM
R073,L002,IT Support,Medium,24/03/2025,7:36 PM
R074,L001,Maintenance,Low,17/03/2025,6:55 AM
R075,L003,IT Support,High,27/03/2025,11:53 AM
R076,L007,Cleaning,High,11/3/2025,1:49 PM
R077,L010,Cleaning,Medium,23/03/2025,1:10 AM
R078,L004,Maintenance,Medium,28/03/2025,12:28 PM
R079,L008,Cleaning,Low,1/3/2025,9:49 PM
R080,L002,IT Support,Medium,9/3/2025,5:10 PM
R081,L008,Cleaning,High,19/03/2025,7:45 PM
R082,L003,IT Support,High,1/3/2025,10:11 PM
R083,L005,Cleaning,High,20/03/2025,2:40 AM
R084,L010,Maintenance,Low,4/3/2025,9:36 PM
R085,L002,IT Support,Medium,15/03/2025,3:18 AM
R086,L002,IT Support,Low,7/3/2025,3:05 PM
R087,L009,Cleaning,Medium,15/03/2025,2:35 PM
R088,L004,Maintenance,Low,10/3/2025,7:06 PM
R089,L003,Cleaning,Medium,17/03/2025,10:08 PM
R090,L005,Cleaning,High,12/3/2025,12:18 AM
R091,L003,Maintenance,High,8/3/2025,8:16 AM
R092,L004,Maintenance,Low,27/03/2025,12:47 AM
R093,L001,Maintenance,High,15/03/2025,11:08 AM
R094,L008,Cleaning,Low,12/3/2025,4:23 AM
R095,L001,IT Support,High,30/03/2025,9:18 AM
R096,L010,Cleaning,High,10/3/2025,12:36 AM
R097,L009,IT Support,Medium,8/3/2025,12:35 AM
R098,L010,IT Support,Low,2/3/2025,2:35 AM
R099,L008,Cleaning,Medium,21/03/2025,1:49 PM
R100,L004,Maintenance,Low,14/03/2025,5:45 PM
R001,L003,IT Support,Medium,25/03/2025,12:47 AM
R002,L001,IT Support,Medium,9/3/2025,6:41 PM
R003,L007,Cleaning,Medium,18/03/2025,7:30 AM
R004,L004,Maintenance,Medium,13/03/2025,5:48 PM
R005,L001,Cleaning,Low,27/03/2025,6:15 PM
R006,L002,Maintenance,Medium,16/03/2025,7:06 AM
R007,L002,Maintenance,Low,16/03/2025,11:44 AM
R008,L009,Cleaning,Low,17/03/2025,6:12 PM
R009,L007,Cleaning,Low,9/3/2025,2:28 PM
R010,L006,IT Support,Low,12/3/2025,7:03 PM
R011,L010,Cleaning,Medium,5/3/2025,12:47 AM
R012,L002,Cleaning,High,11/3/2025,6:38 AM
R013,L007,Maintenance,Medium,26/03/2025,3:49 PM
R014,L010,Maintenance,Medium,7/3/2025,1:06 AM
R015,L001,Cleaning,Low,10/3/2025,6:04 AM
R016,L010,Cleaning,Medium,17/03/2025,4:11 PM
R017,L001,Maintenance,Low,18/03/2025,5:58 PM
R018,L006,Maintenance,Low,15/03/2025,7:17 AM
R019,L004,IT Support,Medium,25/03/2025,6:33 PM
R020,L009,IT Support,Low,12/3/2025,7:34 AM
R021,L004,IT Support,Low,6/3/2025,10:51 AM
R022,L006,Cleaning,High,11/3/2025,7:23 PM
R023,L010,IT Support,Low,22/03/2025,6:14 PM
R024,L009,Maintenance,High,22/03/2025,1:59 AM
R025,L006,IT Support,High,14/03/2025,12:25 AM
R026,L005,Maintenance,Medium,28/03/2025,5:43 AM
R027,L002,Maintenance,Low,25/03/2025,7:11 PM
R028,L002,IT Support,Low,14/03/2025,10:44 PM
R029,L010,Maintenance,Medium,17/03/2025,11:28 PM
R030,L002,Cleaning,Low,4/3/2025,10:53 AM
R031,L006,IT Support,Low,2/3/2025,7:00 AM
R032,L003,Cleaning,High,9/3/2025,1:03 PM
R033,L005,Maintenance,Low,5/3/2025,12:57 AM
R034,L010,IT Support,Medium,11/3/2025,2:56 PM
R035,L003,Cleaning,High,23/03/2025,8:11 PM
R036,L006,Maintenance,High,30/03/2025,8:51 PM
R037,L008,IT Support,Medium,4/3/2025,3:09 AM
R038,L007,IT Support,High,7/3/2025,4:51 PM
R039,L001,Maintenance,High,1/3/2025,4:41 PM
R040,L004,Maintenance,Low,17/03/2025,7:03 PM
R041,L005,IT Support,High,9/3/2025,5:34 PM
R042,L005,Cleaning,High,16/03/2025,6:08 AM
R043,L007,Cleaning,High,3/3/2025,7:57 PM
R044,L005,IT Support,Low,14/03/2025,7:24 AM
R045,L005,IT Support,High,28/03/2025,7:20 AM
R046,L008,Cleaning,Medium,7/3/2025,7:49 AM
R047,L006,Cleaning,High,14/03/2025,4:22 AM
R048,L003,Maintenance,Medium,2/3/2025,4:16 PM
R049,L004,Cleaning,Medium,28/03/2025,8:04 AM
R050,L005,IT Support,Low,10/3/2025,10:25 PM
R051,L008,IT Support,High,6/3/2025,12:28 PM
R052,L008,Maintenance,Medium,30/03/2025,8:44 AM
R053,L005,Cleaning,Low,20/03/2025,10:44 AM
R054,L002,Cleaning,Medium,21/03/2025,4:53 PM
R055,L003,Cleaning,Low,14/03/2025,1:48 AM
R056,L004,IT Support,High,29/03/2025,5:25 AM
R057,L002,IT Support,Low,29/03/2025,1:59 AM
R058,L006,Cleaning,High,29/03/2025,9:12 AM
R059,L010,IT Support,Low,6/3/2025,8:04 PM
R060,L007,Maintenance,Low,14/03/2025,7:14 PM
R061,L004,Maintenance,Medium,3/3/2025,10:25 AM
R062,L009,Cleaning,High,22/03/2025,11:00 AM
R063,L003,Cleaning,High,14/03/2025,7:08 AM
R064,L009,IT Support,High,29/03/2025,6:12 PM
R065,L005,Maintenance,Low,29/03/2025,6:02 PM
R066,L009,Maintenance,High,3/3/2025,12:46 AM
R067,L008,IT Support,Medium,17/03/2025,12:54 PM
R068,L007,Maintenance,Medium,4/3/2025,12:45 PM
R069,L002,Cleaning,Medium,11/3/2025,2:57 AM
R070,L009,Maintenance,Low,22/03/2025,12:45 AM
R071,L005,Cleaning,High,27/03/2025,3:10 PM
R072,L001,Maintenance,Low,29/03/2025,11:26 AM
R073,L010,IT Support,Low,30/03/2025,3:51 PM
R074,L002,IT Support,High,23/03/2025,4:42 AM
R075,L003,Maintenance,Low,19/03/2025,8:49 PM
R076,L003,IT Support,Low,26/03/2025,12:46 PM
R077,L003,Cleaning,High,23/03/2025,12:24 PM
R078,L010,Cleaning,Low,6/3/2025,4:57 AM
R079,L001,Cleaning,Low,20/03/2025,6:05 PM
R080,L004,Cleaning,High,13/03/2025,12:11 AM
R081,L004,Cleaning,High,28/03/2025,10:58 PM
R082,L005,IT Support,High,16/03/2025,10:22 PM
R083,L004,Maintenance,Medium,18/03/2025,3:39 AM
R084,L002,Cleaning,Medium,3/3/2025,1:49 AM
R085,L002,IT Support,Low,2/3/2025,8:11 AM
R086,L001,Maintenance,Low,11/3/2025,11:15 PM
R087,L010,Maintenance,Medium,19/03/2025,3:04 PM
R088,L004,Maintenance,Low,22/03/2025,10:32 PM
R089,L007,Cleaning,High,21/03/2025,6:28 PM
R090,L008,Maintenance,Low,26/03/2025,11:06 PM
R091,L010,Maintenance,Low,30/03/2025,10:39 PM
R092,L005,Cleaning,High,1/3/2025,4:09 AM
R093,L008,Maintenance,High,30/03/2025,4:10 PM
R094,L010,IT Support,Low,5/3/2025,4:16 AM
R095,L006,IT Support,Medium,26/03/2025,6:54 AM
R096,L003,IT Support,Low,30/03/2025,10:03 AM
R097,L010,Maintenance,Low,9/3/2025,8:23 AM
R098,L010,Cleaning,Medium,22/03/2025,3:36 PM
R099,L002,IT Support,High,13/03/2025,4:23 PM
R100,L006,IT Support,High,20/03/2025,4:17 PM
