RequestID,LocationID,ServiceType,Priority,RequestTime
R001,L001,Cleaning,High,10/7/2025 8:30
R002,L003,Maintenance,Medium,10/7/2025 9:00
R003,L007,IT Support,High,10/7/2025 9:30
R004,L009,Cleaning,Low,10/7/2025 10:00
R005,L004,Maintenance,High,10/7/2025 10:30
R006,L002,Cleaning,Medium,10/7/2025 11:00
R007,L010,IT Support,Medium,10/7/2025 11:30
R008,L005,Maintenance,Low,10/7/2025 12:00
R009,L008,Cleaning,High,10/7/2025 12:30
R010,L006,IT Support,Medium,10/7/2025 13:00
,,,,
,,,,
,,,,
,,,,
,,,,
,,,,
,,,,
,,,,
,,,,
,,,,
